"Id Producto","Nombre del Producto","Descripción","Categoría","Sub Categoría","Unidad o medida","Imagen","Codificación Estandarizada GTIN (Barcode,ISBN..)","Proveedor","Stock Mínimo","Ubicación en almacen","Notas","Activo","Stockout","Existencias","Costo Promedio","Precio Promedio","Detalle de Movimientos","Organización","Cód Fabrc/Parte","Producto","Label Produto","Label Producto Warning","Fecha de Registro","Registrado por:","Sugerido de Compra","Caja Requerida","Tomas físicas","% Stock de Seguridad","Alerta de Reposición","Alerta de Codigo Duplicado","Alerta de Código duplicado","F. Solicitud","Inventario Meta","S.C.","Código QR","Codigo QR","F. Solicitud de Ficha","Codigo de Barra","Código","Related tbl_toma_fisica_details By code_scan_inner","Related tbl_transaccion_details By code_scan_inner","Existences_check",
"ID00001","Stocktracker","Plantilla de control de inventarios","Aplicativos","APPSHEET","Und","https://gammalielanalytics.com/img/icons/default-items.png","","PROV0001| Gammaliel Analytics| Telf.: +584128672845| email: consulting@gammalielanalytics.com","2","Digital","Plantilla para el control de Inventarios","Y","N","34","$8.61","$6.99","48a8182c , f6eeeb35 , f5843b18 , f26b0896 , 1bb6bf4e , b2a0f059 , 11762a8b , 5be3b684 , 84059604 , a425c53d , ba506b13 , d4ea279c , c21f9a7b , 1616fc67 , 3ec8bbab , DF1A0E4B , UNQS0080 , UNQe0080","V123456789 Sano y fresco","","","Stocktracker []","Stocktracker ","","","0","$0.00","","25%","N","N","","","3","","https://api-gammaliel-bar-qr-code.onrender.com/generate-qr?data=ID00001&color=%23000000&backcolor=%23ffffff&size=medium","https://api-gammaliel-bar-qr-code.onrender.com/generate-barcode/?data=ID00001&code=Code128","6/25/2025 10:13:03 AM","https://api-gammaliel-bar-qr-code.onrender.com/generate-barcode/?data=ID00001&code=Code128","https://api-gammaliel-bar-qr-code.onrender.com/generate-barcode/?data=ID00001&code=Code128","","48a8182c , f6eeeb35 , f5843b18 , f26b0896 , 1bb6bf4e , b2a0f059 , 11762a8b , 5be3b684 , 84059604 , a425c53d , ba506b13 , d4ea279c , c21f9a7b , 1616fc67 , 3ec8bbab , DF1A0E4B , UNQS0080 , UNQe0080","Y",
"4798377","VALVULA IAC","VALVULA IAC JEEP CHEROKEE 91=>00 (04637071) 4 PINES","Auto Partes","Valvulas","UND","https://gammalielanalytics.com/img/icons/default-items.png","","PROV0001| Gammaliel Analytics| Telf.: +584128672845| email: consulting@gammalielanalytics.com","6","","Inventario Inicial: 42.","Y","N","401","$9.94","$4.87","unf0007 , UNQS0020 , UNQe0020 , 6b3d7bf4","V123456789 Sano y fresco","4798377","","VALVULA IAC [4798377]","VALVULA IAC 4798377","6/19/2025 12:00:00 AM","Administrador","0","$0.00","","25%","N","N","","","8","","https://api-gammaliel-bar-qr-code.onrender.com/generate-qr?data=4798377&color=%23000000&backcolor=%23ffffff&size=medium","https://api-gammaliel-bar-qr-code.onrender.com/generate-barcode/?data=4798377&code=Code128","6/25/2025 10:30:04 AM","https://api-gammaliel-bar-qr-code.onrender.com/generate-barcode/?data=4798377&code=Code128","https://api-gammaliel-bar-qr-code.onrender.com/generate-barcode/?data=4798377&code=Code128","","unf0007 , UNQS0020 , UNQe0020 , 6b3d7bf4","Y",
"96494264","VALVULA PRESION ACEITE","VALVULA PRESION ACEITE CHEVROLET AVEO 1.6/OPTRA 1.8/CORSA 1.6","Auto Partes","Valvulas","UND","https://gammalielanalytics.com/img/icons/default-items.png","","PROV0001| Gammaliel Analytics| Telf.: +584128672845| email: consulting@gammalielanalytics.com","5","","Inventario Inicial: 52.","Y","N","365","$3.78","$3.78","76EDD610 , D95A4E9D , UNQS0009 , UNQS0010 , UNQe0009 , UNQe0010","V123456789 Sano y fresco","96494264","","VALVULA PRESION ACEITE [96494264]","VALVULA PRESION ACEITE 96494264","6/19/2025 12:00:00 AM","Administrador","0","$0.00","","25%","N","N","","","7","","https://api-gammaliel-bar-qr-code.onrender.com/generate-qr?data=96494264&color=%23000000&backcolor=%23ffffff&size=medium","https://api-gammaliel-bar-qr-code.onrender.com/generate-barcode/?data=96494264&code=Code128","","https://api-gammaliel-bar-qr-code.onrender.com/generate-barcode/?data=96494264&code=Code128","https://api-gammaliel-bar-qr-code.onrender.com/generate-barcode/?data=96494264&code=Code128","","76EDD610 , D95A4E9D , UNQS0009 , UNQS0010 , UNQe0009 , UNQe0010","Y",
"93744875","VALVULA IAC","VALVULA IAC CHEVROLET AVEO/CIELO/CORSA/OPTRA DESING","Auto Partes","Valvulas","UND","https://gammalielanalytics.com/img/icons/default-items.png","","PROV0001| Gammaliel Analytics| Telf.: +584128672845| email: consulting@gammalielanalytics.com","7","","Inventario Inicial: 26.","Y","N","42","$5.42","$5.42","unf0008 , UNQS0021 , UNQe0021","V123456789 Sano y fresco","93744875","","VALVULA IAC [93744875]","VALVULA IAC 93744875","6/19/2025 12:00:00 AM","Administrador","0","$0.00","","25%","N","N","","","9","","https://api-gammaliel-bar-qr-code.onrender.com/generate-qr?data=93744875&color=%23000000&backcolor=%23ffffff&size=medium","https://api-gammaliel-bar-qr-code.onrender.com/generate-barcode/?data=93744875&code=Code128","","https://api-gammaliel-bar-qr-code.onrender.com/generate-barcode/?data=93744875&code=Code128","https://api-gammaliel-bar-qr-code.onrender.com/generate-barcode/?data=93744875&code=Code128","","unf0008 , UNQS0021 , UNQe0021","Y",
"2L3Z/6A666/A","VALVULA PCV","VALVULA PCV FORD TRITON 5.4/FORTALEZA/EXPLORER 4.6/EXPEDIT EV-258","Auto Partes","Valvulas","UND","https://gammalielanalytics.com/img/icons/default-items.png","","PROV0001| Gammaliel Analytics| Telf.: +584128672845| email: consulting@gammalielanalytics.com","12","","Inventario Inicial: 1.","Y","N","30","$3.78","$3.78","unf0005 , UNQS0018 , UNQe0018","V123456789 Sano y fresco","2L3Z/6A666/A","","VALVULA PCV [2L3Z/6A666/A]","VALVULA PCV 2L3Z/6A666/A","6/19/2025 12:00:00 AM","Administrador","0","$0.00","","25%","N","N","","","15","","https://api-gammaliel-bar-qr-code.onrender.com/generate-qr?data=2L3Z%2F6A666%2FA&color=%23000000&backcolor=%23ffffff&size=medium","https://api-gammaliel-bar-qr-code.onrender.com/generate-barcode/?data=2L3Z%2F6A666%2FA&code=Code128","","https://api-gammaliel-bar-qr-code.onrender.com/generate-barcode/?data=2L3Z%2F6A666%2FA&code=Code128","https://api-gammaliel-bar-qr-code.onrender.com/generate-barcode/?data=2L3Z%2F6A666%2FA&code=Code128","","unf0005 , UNQS0018 , UNQe0018","Y",
"213-4411","VALVULA PRESION ACEITE","VALVULA PRESION ACEITE CHVROLET RANGER CAMION (05-12) T/V","Auto Partes","Valvulas","UND","https://gammalielanalytics.com/img/icons/default-items.png","","PROV0001| Gammaliel Analytics| Telf.: +584128672845| email: consulting@gammalielanalytics.com","2","","Inventario Inicial: 10.","Y","N","20","$4.33","$4.33","unf0006 , UNQS0019 , UNQe0019","V123456789 Sano y fresco","213-4411","","VALVULA PRESION ACEITE [213-4411]","VALVULA PRESION ACEITE 213-4411","6/19/2025 12:00:00 AM","Administrador","0","$0.00","","25%","N","N","","","3","","https://api-gammaliel-bar-qr-code.onrender.com/generate-qr?data=213-4411&color=%23000000&backcolor=%23ffffff&size=medium","https://api-gammaliel-bar-qr-code.onrender.com/generate-barcode/?data=213-4411&code=Code128","","https://api-gammaliel-bar-qr-code.onrender.com/generate-barcode/?data=213-4411&code=Code128","https://api-gammaliel-bar-qr-code.onrender.com/generate-barcode/?data=213-4411&code=Code128","","unf0006 , UNQS0019 , UNQe0019","Y",
"A11-3810011","VALVULA PRESION ACEITE","VALVULA PRESION ACEITE CHERY ARAUCA/ORINOCO (1PIN)","Auto Partes","Valvulas","UND","https://gammalielanalytics.com/img/icons/default-items.png","","PROV0001| Gammaliel Analytics| Telf.: +584128672845| email: consulting@gammalielanalytics.com","1","","Inventario Inicial: 12.","Y","N","250","$3.24","$3.24","51D7EE9A , UNQS0070 , UNQe0070","V123456789 Sano y fresco","A11-3810011","","VALVULA PRESION ACEITE [A11-3810011]","VALVULA PRESION ACEITE A11-3810011","6/19/2025 12:00:00 AM","Administrador","0","$0.00","","25%","N","N","","","2","","https://api-gammaliel-bar-qr-code.onrender.com/generate-qr?data=A11-3810011&color=%23000000&backcolor=%23ffffff&size=medium","https://api-gammaliel-bar-qr-code.onrender.com/generate-barcode/?data=A11-3810011&code=Code128","","https://api-gammaliel-bar-qr-code.onrender.com/generate-barcode/?data=A11-3810011&code=Code128","https://api-gammaliel-bar-qr-code.onrender.com/generate-barcode/?data=A11-3810011&code=Code128","","51D7EE9A , UNQS0070 , UNQe0070","Y",
"92530-60020","VALVULA PRESION ACEITE","VALVULA PRESION ACEITE CHERY GRAN TIGER/DONG FENG (83530-60020)","Auto Partes","Valvulas","UND","https://gammalielanalytics.com/img/icons/default-items.png","","PROV0001| Gammaliel Analytics| Telf.: +584128672845| email: consulting@gammalielanalytics.com","6","","Inventario Inicial: 20.","Y","Y","2","$8.15","$8.15","unf0001 , UNQS0014 , UNQe0014","V123456789 Sano y fresco","92530-60020","Stockout","VALVULA PRESION ACEITE [92530-60020]","VALVULA PRESION ACEITE 92530-60020","6/19/2025 12:00:00 AM","Administrador","6","$48.90","","25%","N","N","","7/2/2025 1:51:58 PM","8","","https://api-gammaliel-bar-qr-code.onrender.com/generate-qr?data=92530-60020&color=%23000000&backcolor=%23ffffff&size=medium","https://api-gammaliel-bar-qr-code.onrender.com/generate-barcode/?data=92530-60020&code=Code128","","https://api-gammaliel-bar-qr-code.onrender.com/generate-barcode/?data=92530-60020&code=Code128","https://api-gammaliel-bar-qr-code.onrender.com/generate-barcode/?data=92530-60020&code=Code128","","unf0001 , UNQS0014 , UNQe0014","Y",
"7700102539","VALVULA IAC","VALVULA IAC RENAULT LOGAN/CLIO/MEGANE/SYMBOL/KANGOO","Auto Partes","Valvulas","UND","https://gammalielanalytics.com/img/icons/default-items.png","","PROV0001| Gammaliel Analytics| Telf.: +584128672845| email: consulting@gammalielanalytics.com","2","","Inventario Inicial: 32.","Y","N","27","$8.42","$8.42","unf0002 , unf0013 , UNQS0015 , UNQS0026 , UNQe0015 , UNQe0026","V123456789 Sano y fresco","7700102539","","VALVULA IAC [7700102539]","VALVULA IAC 7700102539","6/19/2025 12:00:00 AM","Administrador","0","$0.00","","25%","N","N","","","3","","https://api-gammaliel-bar-qr-code.onrender.com/generate-qr?data=7700102539&color=%23000000&backcolor=%23ffffff&size=medium","https://api-gammaliel-bar-qr-code.onrender.com/generate-barcode/?data=7700102539&code=Code128","","https://api-gammaliel-bar-qr-code.onrender.com/generate-barcode/?data=7700102539&code=Code128","https://api-gammaliel-bar-qr-code.onrender.com/generate-barcode/?data=7700102539&code=Code128","","unf0002 , unf0013 , UNQS0015 , UNQS0026 , UNQe0015 , UNQe0026","Y",
"8-92720902-0","VALVULA PRESION ACEITE","VALVULA PRESION ACEITE CHEVROLET LUV DMAX 3.5","Auto Partes","Valvulas","UND","https://gammalielanalytics.com/img/icons/default-items.png","","PROV0001| Gammaliel Analytics| Telf.: +584128672845| email: consulting@gammalielanalytics.com","6","","Inventario Inicial: 339.","Y","N","32","$2.69","$2.69","unf0003 , UNQS0016 , UNQe0016","V123456789 Sano y fresco","8-92720902-0","","VALVULA PRESION ACEITE [8-92720902-0]","VALVULA PRESION ACEITE 8-92720902-0","6/19/2025 12:00:00 AM","Administrador","0","$0.00","","25%","N","N","","","8","","https://api-gammaliel-bar-qr-code.onrender.com/generate-qr?data=8-92720902-0&color=%23000000&backcolor=%23ffffff&size=medium","https://api-gammaliel-bar-qr-code.onrender.com/generate-barcode/?data=8-92720902-0&code=Code128","","https://api-gammaliel-bar-qr-code.onrender.com/generate-barcode/?data=8-92720902-0&code=Code128","https://api-gammaliel-bar-qr-code.onrender.com/generate-barcode/?data=8-92720902-0&code=Code128","","unf0003 , UNQS0016 , UNQe0016","Y",
"8200692605","VALVULA IAC","VALVULA IAC RENAULT TWINGO/ SYMBOL/ LOGAN","Auto Partes","Valvulas","UND","https://gammalielanalytics.com/img/icons/default-items.png","","PROV0001| Gammaliel Analytics| Telf.: +584128672845| email: consulting@gammalielanalytics.com","9","","Inventario Inicial: 42.","Y","N","251","$5.42","$5.42","unf0004 , unf0012 , UNQS0017 , UNQS0025 , UNQe0017 , UNQe0025","V123456789 Sano y fresco","8200692605","","VALVULA IAC [8200692605]","VALVULA IAC 8200692605","6/19/2025 12:00:00 AM","Administrador","0","$0.00","","25%","N","N","","","12","","https://api-gammaliel-bar-qr-code.onrender.com/generate-qr?data=8200692605&color=%23000000&backcolor=%23ffffff&size=medium","https://api-gammaliel-bar-qr-code.onrender.com/generate-barcode/?data=8200692605&code=Code128","","https://api-gammaliel-bar-qr-code.onrender.com/generate-barcode/?data=8200692605&code=Code128","https://api-gammaliel-bar-qr-code.onrender.com/generate-barcode/?data=8200692605&code=Code128","","unf0004 , unf0012 , UNQS0017 , UNQS0025 , UNQe0017 , UNQe0025","Y",
"12553175","VALVULA PRESION ACEITE","VALVULA PRESION ACEITE CHEVROLET CHEYENE","Auto Partes","Valvulas","UND","https://gammalielanalytics.com/img/icons/default-items.png","","PROV0001| Gammaliel Analytics| Telf.: +584128672845| email: consulting@gammalielanalytics.com","7","","Inventario Inicial: 40.","Y","Y","5","$5.69","$11.43","unf0010 , unf0018 , UNQS0023 , UNQS0031 , UNQe0023 , UNQe0031 , 52ad200c","V123456789 Sano y fresco","12553175","Stockout","VALVULA PRESION ACEITE [12553175]","VALVULA PRESION ACEITE 12553175","6/19/2025 12:00:00 AM","Administrador","4","$22.76","","25%","N","N","","","9","","https://api-gammaliel-bar-qr-code.onrender.com/generate-qr?data=12553175&color=%23000000&backcolor=%23ffffff&size=medium","https://api-gammaliel-bar-qr-code.onrender.com/generate-barcode/?data=12553175&code=Code128","6/25/2025 4:58:05 PM","https://api-gammaliel-bar-qr-code.onrender.com/generate-barcode/?data=12553175&code=Code128","https://api-gammaliel-bar-qr-code.onrender.com/generate-barcode/?data=12553175&code=Code128","","unf0010 , unf0018 , UNQS0023 , UNQS0031 , UNQe0023 , UNQe0031 , 52ad200c","Y",
"465Q-S0391FB","VALVULA IAC","VALVULA IAC CHERY QQ/ ARAUCA/ X1/ CHANA/ NOMADA/ WUILLING/ TURPIAL","Auto Partes","Valvulas","UND","https://gammalielanalytics.com/img/icons/default-items.png","","PROV0001| Gammaliel Analytics| Telf.: +584128672845| email: consulting@gammalielanalytics.com","2","","Inventario Inicial: 24.","Y","Y","2","$5.96","$5.96","unf0009 , UNQS0022 , UNQe0022","V123456789 Sano y fresco","465Q-S0391FB","Stockout","VALVULA IAC [465Q-S0391FB]","VALVULA IAC 465Q-S0391FB","6/19/2025 12:00:00 AM","Administrador","1","$5.96","","25%","N","N","","6/25/2025 12:34:23 PM","3","","https://api-gammaliel-bar-qr-code.onrender.com/generate-qr?data=465Q-S0391FB&color=%23000000&backcolor=%23ffffff&size=medium","https://api-gammaliel-bar-qr-code.onrender.com/generate-barcode/?data=465Q-S0391FB&code=Code128","","https://api-gammaliel-bar-qr-code.onrender.com/generate-barcode/?data=465Q-S0391FB&code=Code128","https://api-gammaliel-bar-qr-code.onrender.com/generate-barcode/?data=465Q-S0391FB&code=Code128","","unf0009 , UNQS0022 , UNQe0022","Y",
"83530-60020","VALVULA PRESION ACEITE TOYOTA","VALVULA PRESION ACEITE TOYOTA 4RUNNER/PRADO/MERU (1 PIN PLANO-NEGRA Y GRIS)(83530-28020) (83520-0E010)	 6.72 	22	0	22","Automotriz","Valvulas","PZA","https://gammalielanalytics.com/img/icons/default-items.png","","PROV0001| Gammaliel Analytics| Telf.: +584128672845| email: consulting@gammalielanalytics.com","10","","","Y","N","21","$3.78","$3.78","unf0016 , UNQS0029 , UNQe0029","V123456789 Sano y fresco","83530-60020","","VALVULA PRESION ACEITE TOYOTA [83530-60020]","VALVULA PRESION ACEITE TOYOTA 83530-60020","6/19/2025 12:00:00 AM","Administrador","0","$0.00","","25%","N","N","","","13","","https://api-gammaliel-bar-qr-code.onrender.com/generate-qr?data=83530-60020&color=%23000000&backcolor=%23ffffff&size=medium","https://api-gammaliel-bar-qr-code.onrender.com/generate-barcode/?data=83530-60020&code=Code128","","https://api-gammaliel-bar-qr-code.onrender.com/generate-barcode/?data=83530-60020&code=Code128","https://api-gammaliel-bar-qr-code.onrender.com/generate-barcode/?data=83530-60020&code=Code128","","unf0016 , UNQS0029 , UNQe0029","Y",
"83530-60040","VALVULA PRESION ACEITE","VALVULA PRESION ACEITE TERIOS/COROLLA/STARLET/AVILA/ARAYA/ CAMRY/ SKY/ MONTERO/ LANCER/ TUCSON/ ELANTRA/GETZ 1 PIN PLANO	 4.69 	33	26	7","Automotriz","Valvulas","PZA","https://gammalielanalytics.com/img/icons/default-items.png","","PROV0001| Gammaliel Analytics| Telf.: +584128672845| email: consulting@gammalielanalytics.com","2","","","Y","N","1,256","$7.05","$7.05","unf0011 , UNQS0024 , UNQe0024","V123456789 Sano y fresco","83530-60040","","VALVULA PRESION ACEITE [83530-60040]","VALVULA PRESION ACEITE 83530-60040","6/19/2025 12:00:00 AM","Administrador","0","$0.00","","25%","N","N","","","3","","https://api-gammaliel-bar-qr-code.onrender.com/generate-qr?data=83530-60040&color=%23000000&backcolor=%23ffffff&size=medium","https://api-gammaliel-bar-qr-code.onrender.com/generate-barcode/?data=83530-60040&code=Code128","","https://api-gammaliel-bar-qr-code.onrender.com/generate-barcode/?data=83530-60040&code=Code128","https://api-gammaliel-bar-qr-code.onrender.com/generate-barcode/?data=83530-60040&code=Code128","","unf0011 , UNQS0024 , UNQe0024","Y",
"55354325","VALVULA PRESION ACEITE","VALVULA PRESION ACEITE CHEVROLET CRUZE/ORLANDO (1 PIN)","Automotriz","Partes Motor","PZA","https://gammalielanalytics.com/img/icons/default-items.png","","PROV0001| Gammaliel Analytics| Telf.: +584128672845| email: consulting@gammalielanalytics.com","2","","Inventario Inicial: 349","Y","N","42","$2.69","$2.69","unf0014 , UNQS0027 , UNQe0027","V123456789 Sano y fresco","55354325","","VALVULA PRESION ACEITE [55354325]","VALVULA PRESION ACEITE 55354325","6/19/2025 12:00:00 AM","Administrador","0","$0.00","","25%","N","N","","","3","","https://api-gammaliel-bar-qr-code.onrender.com/generate-qr?data=55354325&color=%23000000&backcolor=%23ffffff&size=medium","https://api-gammaliel-bar-qr-code.onrender.com/generate-barcode/?data=55354325&code=Code128","","https://api-gammaliel-bar-qr-code.onrender.com/generate-barcode/?data=55354325&code=Code128","https://api-gammaliel-bar-qr-code.onrender.com/generate-barcode/?data=55354325&code=Code128","","unf0014 , UNQS0027 , UNQe0027","Y",
"96325864GM","VALVULA TEMPERATURA CHEVROLET SPARK","VALVULA TEMPERATURA CHEVROLET SPARK 1.0 (2 PINES)	 2.39 	55	0	55","Automotriz","Valvulas","PZA","https://gammalielanalytics.com/img/icons/default-items.png","","PROV0001| Gammaliel Analytics| Telf.: +584128672845| email: consulting@gammalielanalytics.com","1","","","Y","N","20","$7.05","$7.05","3F5B5FCB , UNQS0005 , UNQe0005","V123456789 Sano y fresco","96325864GM","","VALVULA TEMPERATURA CHEVROLET SPARK [96325864GM]","VALVULA TEMPERATURA CHEVROLET SPARK 96325864GM","6/19/2025 12:00:00 AM","Administrador","0","$0.00","","25%","N","N","","","2","","https://api-gammaliel-bar-qr-code.onrender.com/generate-qr?data=96325864GM&color=%23000000&backcolor=%23ffffff&size=medium","https://api-gammaliel-bar-qr-code.onrender.com/generate-barcode/?data=96325864GM&code=Code128","","https://api-gammaliel-bar-qr-code.onrender.com/generate-barcode/?data=96325864GM&code=Code128","https://api-gammaliel-bar-qr-code.onrender.com/generate-barcode/?data=96325864GM&code=Code128","","3F5B5FCB , UNQS0005 , UNQe0005","Y",
"XS6E-12A648-BA","VALVULA TEMPERATURA FORD FIESTA","VALVULA TEMPERATURA FORD FIESTA POWER 1.6	 2.39 	90	0	90","Automotriz","Valvulas","PZA","https://gammalielanalytics.com/img/icons/default-items.png","","PROV0001| Gammaliel Analytics| Telf.: +584128672845| email: consulting@gammalielanalytics.com","1","","","Y","N","136","$4.33","$4.33","unf0017 , UNQS0030 , UNQe0030","V123456789 Sano y fresco","XS6E-12A648-BA","","VALVULA TEMPERATURA FORD FIESTA [XS6E-12A648-BA]","VALVULA TEMPERATURA FORD FIESTA XS6E-12A648-BA","6/19/2025 12:00:00 AM","Administrador","0","$0.00","","25%","N","N","","","2","","https://api-gammaliel-bar-qr-code.onrender.com/generate-qr?data=XS6E-12A648-BA&color=%23000000&backcolor=%23ffffff&size=medium","https://api-gammaliel-bar-qr-code.onrender.com/generate-barcode/?data=XS6E-12A648-BA&code=Code128","","https://api-gammaliel-bar-qr-code.onrender.com/generate-barcode/?data=XS6E-12A648-BA&code=Code128","https://api-gammaliel-bar-qr-code.onrender.com/generate-barcode/?data=XS6E-12A648-BA&code=Code128","","unf0017 , UNQS0030 , UNQe0030","Y",
"015301960AA","VALVULA RETROCESO CHERY","VALVULA RETROCESO CHERY ARAUCA/X1/QQ6/ORINOCO/TIGGO	 4.64 	69	1	68","Automotriz","Valvulas","PZA","https://gammalielanalytics.com/img/icons/default-items.png","A123","PROV0001| Gammaliel Analytics| Telf.: +584128672845| email: consulting@gammalielanalytics.com","1","","","Y","N","335","$11.59","$10.78","unf0015 , UNQS0028 , UNQe0028 , e7c98cde , ab6a1f80 , a838c971 , 16b09dfd , 7eed867e , bc4c60e6 , fa1b3ea1","V123456789 Sano y fresco","015301960AA","","VALVULA RETROCESO CHERY [015301960AA]","VALVULA RETROCESO CHERY 015301960AA","6/19/2025 12:00:00 AM","Administrador","0","$0.00","3109baaa","25%","N","N","","","2","","https://api-gammaliel-bar-qr-code.onrender.com/generate-qr?data=015301960AA&color=%23000000&backcolor=%23ffffff&size=medium","https://api-gammaliel-bar-qr-code.onrender.com/generate-barcode/?data=015301960AA&code=Code128","6/26/2025 2:55:46 PM","https://api-gammaliel-bar-qr-code.onrender.com/generate-barcode/?data=015301960AA&code=Code128","https://api-gammaliel-bar-qr-code.onrender.com/generate-barcode/?data=015301960AA&code=Code128","","unf0015 , UNQS0028 , UNQe0028 , e7c98cde , ab6a1f80 , a838c971 , 16b09dfd , fa1b3ea1","Y",
"PT-0153019660AA-03","VALVULA RETROCESO CHERY","VALVULA RETROCESO CHERY ARAUCA/X1/ORINICO/QQ6 	 3.68 	89	0	89","Automotriz","Valvulas","PZA","https://gammalielanalytics.com/img/icons/default-items.png","","PROV0001| Gammaliel Analytics| Telf.: +584128672845| email: consulting@gammalielanalytics.com","12","","","Y","N","142","$3.78","$3.78","DFD0A413 , UNQS0081 , UNQe0081","V123456789 Sano y fresco","PT-0153019660AA-03","","VALVULA RETROCESO CHERY [PT-0153019660AA-03]","VALVULA RETROCESO CHERY PT-0153019660AA-03","6/19/2025 12:00:00 AM","Administrador","0","$0.00","","25%","N","N","","","15","","https://api-gammaliel-bar-qr-code.onrender.com/generate-qr?data=PT-0153019660AA-03&color=%23000000&backcolor=%23ffffff&size=medium","https://api-gammaliel-bar-qr-code.onrender.com/generate-barcode/?data=PT-0153019660AA-03&code=Code128","","https://api-gammaliel-bar-qr-code.onrender.com/generate-barcode/?data=PT-0153019660AA-03&code=Code128","https://api-gammaliel-bar-qr-code.onrender.com/generate-barcode/?data=PT-0153019660AA-03&code=Code128","","DFD0A413 , UNQS0081 , UNQe0081","Y",
"98AB-9278-CA","VALVULA PRESION ACEITE FORD","VALVULA PRESION ACEITE FORD FIESTA/ FOCUS/KA/EXPLORER/TRITON/ECOSPORT/FX4 FORD	 2.24 	155	2	153","Automotriz","Valvulas","PZA","https://gammalielanalytics.com/img/icons/default-items.png","","PROV0001| Gammaliel Analytics| Telf.: +584128672845| email: consulting@gammalielanalytics.com","2","","","Y","N","400","$7.60","$7.60","40BF361B , UNQS0068 , UNQe0068","V123456789 Sano y fresco","98AB-9278-CA","","VALVULA PRESION ACEITE FORD [98AB-9278-CA]","VALVULA PRESION ACEITE FORD 98AB-9278-CA","6/19/2025 12:00:00 AM","Administrador","0","$0.00","","25%","N","N","","","3","","https://api-gammaliel-bar-qr-code.onrender.com/generate-qr?data=98AB-9278-CA&color=%23000000&backcolor=%23ffffff&size=medium","https://api-gammaliel-bar-qr-code.onrender.com/generate-barcode/?data=98AB-9278-CA&code=Code128","","https://api-gammaliel-bar-qr-code.onrender.com/generate-barcode/?data=98AB-9278-CA&code=Code128","https://api-gammaliel-bar-qr-code.onrender.com/generate-barcode/?data=98AB-9278-CA&code=Code128","","40BF361B , UNQS0068 , UNQe0068","Y",
"A11-3617011A","VALVULA TEMPERATURA CHERY","VALVULA TEMPERATURA CHERY ARAUCA 1.3/ORINOCO 1.8	 9.02 	19	4	15","Automotriz","Valvulas","PZA","https://gammalielanalytics.com/img/icons/default-items.png","","PROV0001| Gammaliel Analytics| Telf.: +584128672845| email: consulting@gammalielanalytics.com","4","","","Y","N","1,256","$2.69","$2.69","4F89B46C , UNQS0069 , UNQe0069","V123456789 Sano y fresco","A11-3617011A","","VALVULA TEMPERATURA CHERY [A11-3617011A]","VALVULA TEMPERATURA CHERY A11-3617011A","6/19/2025 12:00:00 AM","Administrador","0","$0.00","","25%","N","N","","","5","","https://api-gammaliel-bar-qr-code.onrender.com/generate-qr?data=A11-3617011A&color=%23000000&backcolor=%23ffffff&size=medium","https://api-gammaliel-bar-qr-code.onrender.com/generate-barcode/?data=A11-3617011A&code=Code128","","https://api-gammaliel-bar-qr-code.onrender.com/generate-barcode/?data=A11-3617011A&code=Code128","https://api-gammaliel-bar-qr-code.onrender.com/generate-barcode/?data=A11-3617011A&code=Code128","","4F89B46C , UNQS0069 , UNQe0069","Y",
"96661546","AMORTIGUADOR COMPUERTA MALETA CHEVROLET CAPTIVA","AMORTIGUADOR COMPUERTA MALETA CHEVROLET CAPTIVA 08=>15 DER/IZQ","Carroceria","Amortiguadores de Compuerta","UND","https://gammalielanalytics.com/img/icons/default-items.png","","PROV0001| Gammaliel Analytics| Telf.: +584128672845| email: consulting@gammalielanalytics.com","2","","Stock inicial: 12","Y","N","349","$5.96","$5.96","F5ED9DEE , UNQS0012 , UNQe0012","V123456789 Sano y fresco","96661546","","AMORTIGUADOR COMPUERTA MALETA CHEVROLET CAPTIVA [96661546]","AMORTIGUADOR COMPUERTA MALETA CHEVROLET CAPTIVA 96661546","5/21/2024 12:00:00 AM","Administrador","0","$0.00","","25%","N","N","","","3","","https://api-gammaliel-bar-qr-code.onrender.com/generate-qr?data=96661546&color=%23000000&backcolor=%23ffffff&size=medium","https://api-gammaliel-bar-qr-code.onrender.com/generate-barcode/?data=96661546&code=Code128","","https://api-gammaliel-bar-qr-code.onrender.com/generate-barcode/?data=96661546&code=Code128","https://api-gammaliel-bar-qr-code.onrender.com/generate-barcode/?data=96661546&code=Code128","","F5ED9DEE , UNQS0012 , UNQe0012","Y",
"S12-5605010BA","AMORTIGUADOR COMPUERTA MALETA CHERY ARAUCA","AMORTIGUADOR COMPUERTA MALETA CHERY ARAUCA DER/IZQ","Carroceria","Amortiguadores de Compuerta","UND","https://gammalielanalytics.com/img/icons/default-items.png","","PROV0001| Gammaliel Analytics| Telf.: +584128672845| email: consulting@gammalielanalytics.com","1","","Stock inicial: 12","Y","N","146","$7.05","$7.05","F9DF1E13 , UNQS0082 , UNQe0082","V123456789 Sano y fresco","S12-5605010BA","","AMORTIGUADOR COMPUERTA MALETA CHERY ARAUCA [S12-5605010BA]","AMORTIGUADOR COMPUERTA MALETA CHERY ARAUCA S12-5605010BA","5/21/2024 12:00:00 AM","Administrador","0","$0.00","","25%","N","N","","","2","","https://api-gammaliel-bar-qr-code.onrender.com/generate-qr?data=S12-5605010BA&color=%23000000&backcolor=%23ffffff&size=medium","https://api-gammaliel-bar-qr-code.onrender.com/generate-barcode/?data=S12-5605010BA&code=Code128","","https://api-gammaliel-bar-qr-code.onrender.com/generate-barcode/?data=S12-5605010BA&code=Code128","https://api-gammaliel-bar-qr-code.onrender.com/generate-barcode/?data=S12-5605010BA&code=Code128","","F9DF1E13 , UNQS0082 , UNQe0082","Y",
"87170-2E020","AMORTIGUADOR COMPUERTA VIDRIO HYUNDAI TUCSON","AMORTIGUADOR COMPUERTA VIDRIO HYUNDAI TUCSON 04=>12 (VA EN EL VIDRIO)","Carroceria","Amortiguadores de Compuerta","UND","https://gammalielanalytics.com/img/icons/default-items.png","","PROV0001| Gammaliel Analytics| Telf.: +584128672845| email: consulting@gammalielanalytics.com","2","","Stock inicial: 12","Y","N","220","$5.96","$5.96","unf0020 , UNQS0033 , UNQe0033","V123456789 Sano y fresco","87170-2E020","","AMORTIGUADOR COMPUERTA VIDRIO HYUNDAI TUCSON [87170-2E020]","AMORTIGUADOR COMPUERTA VIDRIO HYUNDAI TUCSON 87170-2E020","5/21/2024 12:00:00 AM","Administrador","0","$0.00","","25%","N","N","","","3","","https://api-gammaliel-bar-qr-code.onrender.com/generate-qr?data=87170-2E020&color=%23000000&backcolor=%23ffffff&size=medium","https://api-gammaliel-bar-qr-code.onrender.com/generate-barcode/?data=87170-2E020&code=Code128","","https://api-gammaliel-bar-qr-code.onrender.com/generate-barcode/?data=87170-2E020&code=Code128","https://api-gammaliel-bar-qr-code.onrender.com/generate-barcode/?data=87170-2E020&code=Code128","","unf0020 , UNQS0033 , UNQe0033","Y",
"81771-2E000","AMORTIGUADOR COMPUERTA MALETA HYUNDAI TUCSON","AMORTIGUADOR COMPUERTA MALETA HYUNDAI TUCSON 04=>12 DER/IZQ","Carroceria","Amortiguadores de Compuerta","UND","https://gammalielanalytics.com/img/icons/default-items.png","","PROV0001| Gammaliel Analytics| Telf.: +584128672845| email: consulting@gammalielanalytics.com","7","","Stock inicial: 14","Y","Y","2","$7.60","$7.60","unf0023 , UNQS0036 , UNQe0036","V123456789 Sano y fresco","81771-2E000","Stockout","AMORTIGUADOR COMPUERTA MALETA HYUNDAI TUCSON [81771-2E000]","AMORTIGUADOR COMPUERTA MALETA HYUNDAI TUCSON 81771-2E000","5/21/2024 12:00:00 AM","Administrador","7","$53.20","","25%","N","N","","6/24/2025 2:25:55 PM","9","","https://api-gammaliel-bar-qr-code.onrender.com/generate-qr?data=81771-2E000&color=%23000000&backcolor=%23ffffff&size=medium","https://api-gammaliel-bar-qr-code.onrender.com/generate-barcode/?data=81771-2E000&code=Code128","","https://api-gammaliel-bar-qr-code.onrender.com/generate-barcode/?data=81771-2E000&code=Code128","https://api-gammaliel-bar-qr-code.onrender.com/generate-barcode/?data=81771-2E000&code=Code128","","unf0023 , UNQS0036 , UNQe0036","Y",
"96548931","AMORTIGUADOR COMPUERTA MALETA CHEVROLET OPTRA HATCHBACK","AMORTIGUADOR COMPUERTA MALETA CHEVROLET OPTRA HATCHBACK DER/IZQ","Carroceria","Amortiguadores de Compuerta","UND","https://gammalielanalytics.com/img/icons/default-items.png","","PROV0001| Gammaliel Analytics| Telf.: +584128672845| email: consulting@gammalielanalytics.com","1","","Stock inicial: 20","Y","N","52","$4.33","$4.33","E848B270 , UNQS0011 , UNQe0011","V123456789 Sano y fresco","96548931","","AMORTIGUADOR COMPUERTA MALETA CHEVROLET OPTRA HATCHBACK [96548931]","AMORTIGUADOR COMPUERTA MALETA CHEVROLET OPTRA HATCHBACK 96548931","5/21/2024 12:00:00 AM","Administrador","0","$0.00","","25%","N","N","","","2","","https://api-gammaliel-bar-qr-code.onrender.com/generate-qr?data=96548931&color=%23000000&backcolor=%23ffffff&size=medium","https://api-gammaliel-bar-qr-code.onrender.com/generate-barcode/?data=96548931&code=Code128","","https://api-gammaliel-bar-qr-code.onrender.com/generate-barcode/?data=96548931&code=Code128","https://api-gammaliel-bar-qr-code.onrender.com/generate-barcode/?data=96548931&code=Code128","","E848B270 , UNQS0011 , UNQe0011","Y",
"BC3Z-16C826-B","AMORTIGUADOR CAPOT FORD F250/F350 IZQUIERDO","AMORTIGUADOR CAPOT FORD F250/F350 SUPERDUTY 11=>16 IZQUIERDO LH","Carroceria","Amortiguadores de Capot","UND","https://gammalielanalytics.com/img/icons/default-items.png","","PROV0001| Gammaliel Analytics| Telf.: +584128672845| email: consulting@gammalielanalytics.com","5","","Stock inicial: 10","Y","N","136","$5.96","$5.96","7F15BB80 , UNQS0072 , UNQe0072","V123456789 Sano y fresco","BC3Z-16C826-B","","AMORTIGUADOR CAPOT FORD F250/F350 IZQUIERDO [BC3Z-16C826-B]","AMORTIGUADOR CAPOT FORD F250/F350 IZQUIERDO BC3Z-16C826-B","5/21/2024 12:00:00 AM","Administrador","0","$0.00","","25%","N","N","","","7","","https://api-gammaliel-bar-qr-code.onrender.com/generate-qr?data=BC3Z-16C826-B&color=%23000000&backcolor=%23ffffff&size=medium","https://api-gammaliel-bar-qr-code.onrender.com/generate-barcode/?data=BC3Z-16C826-B&code=Code128","","https://api-gammaliel-bar-qr-code.onrender.com/generate-barcode/?data=BC3Z-16C826-B&code=Code128","https://api-gammaliel-bar-qr-code.onrender.com/generate-barcode/?data=BC3Z-16C826-B&code=Code128","","7F15BB80 , UNQS0072 , UNQe0072","Y",
"68950-0D020","AMORTIGUADOR COMPUERTA MALETA TOYOTA YARIS","AMORTIGUADOR COMPUERTA MALETA TOYOTA YARIS 06=>14","Carroceria","Amortiguadores de Compuerta","UND","https://gammalielanalytics.com/img/icons/default-items.png","","PROV0001| Gammaliel Analytics| Telf.: +584128672845| email: consulting@gammalielanalytics.com","1","","Stock inicial: 4","Y","Y","1","$6.51","$6.51","unf0021 , UNQS0034 , UNQe0034","V123456789 Sano y fresco","68950-0D020","Stockout","AMORTIGUADOR COMPUERTA MALETA TOYOTA YARIS [68950-0D020]","AMORTIGUADOR COMPUERTA MALETA TOYOTA YARIS 68950-0D020","5/21/2024 12:00:00 AM","Administrador","1","$6.51","","25%","N","N","","6/24/2025 2:23:02 PM","2","","https://api-gammaliel-bar-qr-code.onrender.com/generate-qr?data=68950-0D020&color=%23000000&backcolor=%23ffffff&size=medium","https://api-gammaliel-bar-qr-code.onrender.com/generate-barcode/?data=68950-0D020&code=Code128","","https://api-gammaliel-bar-qr-code.onrender.com/generate-barcode/?data=68950-0D020&code=Code128","https://api-gammaliel-bar-qr-code.onrender.com/generate-barcode/?data=68950-0D020&code=Code128","","unf0021 , UNQS0034 , UNQe0034","Y",
"95962016","AMORTIGUADOR COMPUERTA MALETA CHEVROLET SPARK GT","AMORTIGUADOR COMPUERTA MALETA CHEVROLET SPARK GT 13=>18 DER/IZQ","Carroceria","Amortiguadores de Compuerta","UND","https://gammalielanalytics.com/img/icons/default-items.png","","PROV0001| Gammaliel Analytics| Telf.: +584128672845| email: consulting@gammalielanalytics.com","10","","Stock inicial: 22","Y","N","32","$5.42","$5.42","1D5A248F , UNQS0003 , UNQe0003","V123456789 Sano y fresco","95962016","","AMORTIGUADOR COMPUERTA MALETA CHEVROLET SPARK GT [95962016]","AMORTIGUADOR COMPUERTA MALETA CHEVROLET SPARK GT 95962016","5/21/2024 12:00:00 AM","Administrador","0","$0.00","","25%","N","N","","","13","","https://api-gammaliel-bar-qr-code.onrender.com/generate-qr?data=95962016&color=%23000000&backcolor=%23ffffff&size=medium","https://api-gammaliel-bar-qr-code.onrender.com/generate-barcode/?data=95962016&code=Code128","","https://api-gammaliel-bar-qr-code.onrender.com/generate-barcode/?data=95962016&code=Code128","https://api-gammaliel-bar-qr-code.onrender.com/generate-barcode/?data=95962016&code=Code128","","1D5A248F , UNQS0003 , UNQe0003","Y",
"46457205","AMORTIGUADOR COMPUERTA MALETA FIAT PALIO","AMORTIGUADOR COMPUERTA MALETA FIAT PALIO TODOS DER/IZQ (49 CM ABIERTO)","Carroceria","Amortiguadores de Compuerta","UND","https://gammalielanalytics.com/img/icons/default-items.png","","PROV0001| Gammaliel Analytics| Telf.: +584128672845| email: consulting@gammalielanalytics.com","4","","Stock inicial: 121","Y","N","105","$14.02","$7.05","unf0022 , UNQS0035 , UNQe0035 , fc775900","V123456789 Sano y fresco","46457205","","AMORTIGUADOR COMPUERTA MALETA FIAT PALIO [46457205]","AMORTIGUADOR COMPUERTA MALETA FIAT PALIO 46457205","5/21/2024 12:00:00 AM","Administrador","0","$0.00","","25%","N","N","","","5","","https://api-gammaliel-bar-qr-code.onrender.com/generate-qr?data=46457205&color=%23000000&backcolor=%23ffffff&size=medium","https://api-gammaliel-bar-qr-code.onrender.com/generate-barcode/?data=46457205&code=Code128","","https://api-gammaliel-bar-qr-code.onrender.com/generate-barcode/?data=46457205&code=Code128","https://api-gammaliel-bar-qr-code.onrender.com/generate-barcode/?data=46457205&code=Code128","","unf0022 , UNQS0035 , UNQe0035 , fc775900","Y",
"51734562","AMORTIGUADOR COMPUERTA MALETA FIAT WEEKEND","AMORTIGUADOR COMPUERTA MALETA FIAT WEEKENG 04=>17 DER/IZQ (55 CM ABIERTO)","Carroceria","Amortiguadores de Compuerta","UND","https://gammalielanalytics.com/img/icons/default-items.png","","PROV0001| Gammaliel Analytics| Telf.: +584128672845| email: consulting@gammalielanalytics.com","8","","Stock inicial: 68","Y","N","176","$5.42","$5.42","unf0019 , UNQS0032 , UNQe0032","V123456789 Sano y fresco","51734562","","AMORTIGUADOR COMPUERTA MALETA FIAT WEEKEND [51734562]","AMORTIGUADOR COMPUERTA MALETA FIAT WEEKEND 51734562","5/21/2024 12:00:00 AM","Administrador","0","$0.00","","25%","N","N","","","10","","https://api-gammaliel-bar-qr-code.onrender.com/generate-qr?data=51734562&color=%23000000&backcolor=%23ffffff&size=medium","https://api-gammaliel-bar-qr-code.onrender.com/generate-barcode/?data=51734562&code=Code128","","https://api-gammaliel-bar-qr-code.onrender.com/generate-barcode/?data=51734562&code=Code128","https://api-gammaliel-bar-qr-code.onrender.com/generate-barcode/?data=51734562&code=Code128","","unf0019 , UNQS0032 , UNQe0032","Y",
"BC3Z-16C826-A","AMORTIGUADOR CAPOT FORD F250/F350 DERECHO","AMORTIGUADOR CAPOT FORD F250/F350 SUPERDUTY 11=>16 DERECHO RH","Carroceria","Amortiguadores de Capot","UND","https://gammalielanalytics.com/img/icons/default-items.png","","PROV0001| Gammaliel Analytics| Telf.: +584128672845| email: consulting@gammalielanalytics.com","2","","Stock inicial: 10","Y","N","21","$5.42","$5.42","779CF338 , UNQS0071 , UNQe0071","V123456789 Sano y fresco","BC3Z-16C826-A","","AMORTIGUADOR CAPOT FORD F250/F350 DERECHO [BC3Z-16C826-A]","AMORTIGUADOR CAPOT FORD F250/F350 DERECHO BC3Z-16C826-A","5/21/2024 12:00:00 AM","Administrador","0","$0.00","","25%","N","N","","","3","","https://api-gammaliel-bar-qr-code.onrender.com/generate-qr?data=BC3Z-16C826-A&color=%23000000&backcolor=%23ffffff&size=medium","https://api-gammaliel-bar-qr-code.onrender.com/generate-barcode/?data=BC3Z-16C826-A&code=Code128","","https://api-gammaliel-bar-qr-code.onrender.com/generate-barcode/?data=BC3Z-16C826-A&code=Code128","https://api-gammaliel-bar-qr-code.onrender.com/generate-barcode/?data=BC3Z-16C826-A&code=Code128","","779CF338 , UNQS0071 , UNQe0071","Y",
"8483","ALTERNADOR CHEVROLET AVEO 1.6","ALTERNADOR CHEVROLER AVEO 1.6","Electrico","Alternadores","UND","https://gammalielanalytics.com/img/icons/default-items.png","","PROV0001| Gammaliel Analytics| Telf.: +584128672845| email: consulting@gammalielanalytics.com","1","","Stock inicial: 1","Y","N","346","$8.15","$8.15","unf0024 , UNQS0037 , UNQe0037","V123456789 Sano y fresco","8483","","ALTERNADOR CHEVROLET AVEO 1.6 [8483]","ALTERNADOR CHEVROLET AVEO 1.6 8483","5/21/2024 12:00:00 AM","Administrador","0","$0.00","","25%","N","N","","","2","","https://api-gammaliel-bar-qr-code.onrender.com/generate-qr?data=8483&color=%23000000&backcolor=%23ffffff&size=medium","https://api-gammaliel-bar-qr-code.onrender.com/generate-barcode/?data=8483&code=Code128","","https://api-gammaliel-bar-qr-code.onrender.com/generate-barcode/?data=8483&code=Code128","https://api-gammaliel-bar-qr-code.onrender.com/generate-barcode/?data=8483&code=Code128","","unf0024 , UNQS0037 , UNQe0037","Y",
"CO404018","Varilla Movible Palanca Cambio","VARILLA MOVIBLE INFERIOR PALANCA CAMBIO FIAT UNO 90=>","Repuestos Automotores","Transmision","UND","https://gammalielanalytics.com/img/icons/default-items.png","","PROV0001| Gammaliel Analytics| Telf.: +584128672845| email: consulting@gammalielanalytics.com","1","","VACIO.","Y","N","176","$7.05","$7.05","8858BE98 , UNQS0073 , UNQe0073","V123456789 Sano y fresco","CO404018","","Varilla Movible Palanca Cambio [CO404018]","Varilla Movible Palanca Cambio CO404018","6/17/2025 12:00:00 AM","Administrador","0","$0.00","","25%","N","N","","","2","","https://api-gammaliel-bar-qr-code.onrender.com/generate-qr?data=CO404018&color=%23000000&backcolor=%23ffffff&size=medium","https://api-gammaliel-bar-qr-code.onrender.com/generate-barcode/?data=CO404018&code=Code128","","https://api-gammaliel-bar-qr-code.onrender.com/generate-barcode/?data=CO404018&code=Code128","https://api-gammaliel-bar-qr-code.onrender.com/generate-barcode/?data=CO404018&code=Code128","","8858BE98 , UNQS0073 , UNQe0073","Y",
"CO404019","Varilla Fija Palanca Cambio","VARILLA FIJA INFERIOR PALANCA CAMBIO FIAT UNO <=90","Repuestos Automotores","Transmision","UND","https://gammalielanalytics.com/img/icons/default-items.png","","PROV0001| Gammaliel Analytics| Telf.: +584128672845| email: consulting@gammalielanalytics.com","2","","VACIO.","Y","N","220","$7.60","$7.60","8D656EE1 , UNQS0074 , UNQe0074","V123456789 Sano y fresco","CO404019","","Varilla Fija Palanca Cambio [CO404019]","Varilla Fija Palanca Cambio CO404019","6/17/2025 12:00:00 AM","Administrador","0","$0.00","","25%","N","N","","","3","","https://api-gammaliel-bar-qr-code.onrender.com/generate-qr?data=CO404019&color=%23000000&backcolor=%23ffffff&size=medium","https://api-gammaliel-bar-qr-code.onrender.com/generate-barcode/?data=CO404019&code=Code128","","https://api-gammaliel-bar-qr-code.onrender.com/generate-barcode/?data=CO404019&code=Code128","https://api-gammaliel-bar-qr-code.onrender.com/generate-barcode/?data=CO404019&code=Code128","","8D656EE1 , UNQS0074 , UNQe0074","Y",
"96177604","Valvula Temperatura Tablero","VALVULA TEMPERATURA TABLERO AVEO/OPTRA/CORSA/MATIZ/CIELO","Repuestos Automotores","Sistema Enfriamiento","UND","https://gammalielanalytics.com/img/icons/default-items.png","","PROV0001| Gammaliel Analytics| Telf.: +584128672845| email: consulting@gammalielanalytics.com","2","","VACIO.","Y","N","3","$7.33","$7.33","3CE5E452 , unf0025 , UNQS0004 , UNQS0038 , UNQe0004 , UNQe0038","V123456789 Sano y fresco","96177604","","Valvula Temperatura Tablero [96177604]","Valvula Temperatura Tablero 96177604","6/17/2025 12:00:00 AM","Administrador","0","$0.00","","25%","Y","N","","","3","","https://api-gammaliel-bar-qr-code.onrender.com/generate-qr?data=96177604&color=%23000000&backcolor=%23ffffff&size=medium","https://api-gammaliel-bar-qr-code.onrender.com/generate-barcode/?data=96177604&code=Code128","","https://api-gammaliel-bar-qr-code.onrender.com/generate-barcode/?data=96177604&code=Code128","https://api-gammaliel-bar-qr-code.onrender.com/generate-barcode/?data=96177604&code=Code128","","3CE5E452 , unf0025 , UNQS0004 , UNQS0038 , UNQe0004 , UNQe0038","Y",
"89422-35010","Valvula Temperatura Toyota","VALVULA TEMPERATURA TOYOTA COROLLA/YARIS/MERU/RUNNER/HILUX (2 PINES GRIS)","Repuestos Automotores","Sistema Enfriamiento","UND","https://gammalielanalytics.com/img/icons/default-items.png","","PROV0001| Gammaliel Analytics| Telf.: +584128672845| email: consulting@gammalielanalytics.com","5","","VACIO.","Y","N","7","$6.51","$6.51","unf0030 , UNQS0043 , UNQe0043","V123456789 Sano y fresco","89422-35010","","Valvula Temperatura Toyota [89422-35010]","Valvula Temperatura Toyota 89422-35010","6/17/2025 12:00:00 AM","Administrador","0","$0.00","","25%","Y","N","","","7","","https://api-gammaliel-bar-qr-code.onrender.com/generate-qr?data=89422-35010&color=%23000000&backcolor=%23ffffff&size=medium","https://api-gammaliel-bar-qr-code.onrender.com/generate-barcode/?data=89422-35010&code=Code128","","https://api-gammaliel-bar-qr-code.onrender.com/generate-barcode/?data=89422-35010&code=Code128","https://api-gammaliel-bar-qr-code.onrender.com/generate-barcode/?data=89422-35010&code=Code128","","unf0030 , UNQS0043 , UNQe0043","Y",
"89412-16010","Valvula Temperatura Toyota","VALVULA TEMPERATURA TOYOTA COROLLA BABY CAMRY/ARAYA 3PINES (GRIS)(GRUESO)","Repuestos Automotores","Sistema Enfriamiento","UND","https://gammalielanalytics.com/img/icons/default-items.png","","PROV0001| Gammaliel Analytics| Telf.: +584128672845| email: consulting@gammalielanalytics.com","4","","VACIO.","Y","Y","2","$44.69","$44.69","unf0035 , UNQS0048 , UNQe0048","V123456789 Sano y fresco","89412-16010","Stockout","Valvula Temperatura Toyota [89412-16010]","Valvula Temperatura Toyota 89412-16010","6/17/2025 12:00:00 AM","Administrador","3","$134.07","","25%","N","N","","6/24/2025 2:58:45 PM","5","","https://api-gammaliel-bar-qr-code.onrender.com/generate-qr?data=89412-16010&color=%23000000&backcolor=%23ffffff&size=medium","https://api-gammaliel-bar-qr-code.onrender.com/generate-barcode/?data=89412-16010&code=Code128","","https://api-gammaliel-bar-qr-code.onrender.com/generate-barcode/?data=89412-16010&code=Code128","https://api-gammaliel-bar-qr-code.onrender.com/generate-barcode/?data=89412-16010&code=Code128","","unf0035 , UNQS0048 , UNQe0048","Y",
"39230-26600","Valvula Temperatura Hyundai","VALVULA TEMPERATURA HYUNDAI GETZ/ELENTRA 1.6 BULBO (CON CABLE CONECTOR)","Repuestos Automotores","Sistema Enfriamiento","UND","https://gammalielanalytics.com/img/icons/default-items.png","","PROV0001| Gammaliel Analytics| Telf.: +584128672845| email: consulting@gammalielanalytics.com","2","","VACIO.","Y","N","52","$8.69","$8.69","unf0034 , UNQS0047 , UNQe0047","V123456789 Sano y fresco","39230-26600","","Valvula Temperatura Hyundai [39230-26600]","Valvula Temperatura Hyundai 39230-26600","6/17/2025 12:00:00 AM","Administrador","0","$0.00","","25%","N","N","","","3","","https://api-gammaliel-bar-qr-code.onrender.com/generate-qr?data=39230-26600&color=%23000000&backcolor=%23ffffff&size=medium","https://api-gammaliel-bar-qr-code.onrender.com/generate-barcode/?data=39230-26600&code=Code128","","https://api-gammaliel-bar-qr-code.onrender.com/generate-barcode/?data=39230-26600&code=Code128","https://api-gammaliel-bar-qr-code.onrender.com/generate-barcode/?data=39230-26600&code=Code128","","unf0034 , UNQS0047 , UNQe0047","Y",
"0401020K","Varilla Nivel Aceite Logan","VARILLA NIVEL ACEITE LOGAN/SANDERO (8200678386)","Repuestos Automotores","Motor","UND","https://gammalielanalytics.com/img/icons/default-items.png","","PROV0001| Gammaliel Analytics| Telf.: +584128672845| email: consulting@gammalielanalytics.com","2","","VACIO.","Y","N","347","$7.71","$5.42","unf0028 , UNQS0041 , UNQe0041 , bfc818e8","V123456789 Sano y fresco","0401020K","","Varilla Nivel Aceite Logan [0401020K]","Varilla Nivel Aceite Logan 0401020K","6/17/2025 12:00:00 AM","Administrador","0","$0.00","","25%","N","N","","","3","","https://api-gammaliel-bar-qr-code.onrender.com/generate-qr?data=0401020K&color=%23000000&backcolor=%23ffffff&size=medium","https://api-gammaliel-bar-qr-code.onrender.com/generate-barcode/?data=0401020K&code=Code128","","https://api-gammaliel-bar-qr-code.onrender.com/generate-barcode/?data=0401020K&code=Code128","https://api-gammaliel-bar-qr-code.onrender.com/generate-barcode/?data=0401020K&code=Code128","","unf0028 , UNQS0041 , UNQe0041 , bfc818e8","Y",
"89422-16016","Valvula Temperatura Toyota","VALVULA TEMPERATURA TOYOTA YARIS 3PINES (NEGRA) (DELGADO)","Repuestos Automotores","Sistema Enfriamiento","UND","https://gammalielanalytics.com/img/icons/default-items.png","","PROV0001| Gammaliel Analytics| Telf.: +584128672845| email: consulting@gammalielanalytics.com","1","","VACIO.","Y","N","28","$7.60","$7.60","unf0032 , UNQS0045 , UNQe0045","V123456789 Sano y fresco","89422-16016","","Valvula Temperatura Toyota [89422-16016]","Valvula Temperatura Toyota 89422-16016","6/17/2025 12:00:00 AM","Administrador","0","$0.00","","25%","N","N","","","2","","https://api-gammaliel-bar-qr-code.onrender.com/generate-qr?data=89422-16016&color=%23000000&backcolor=%23ffffff&size=medium","https://api-gammaliel-bar-qr-code.onrender.com/generate-barcode/?data=89422-16016&code=Code128","","https://api-gammaliel-bar-qr-code.onrender.com/generate-barcode/?data=89422-16016&code=Code128","https://api-gammaliel-bar-qr-code.onrender.com/generate-barcode/?data=89422-16016&code=Code128","","unf0032 , UNQS0045 , UNQe0045","Y",
"0401020L","Varilla Nivel Aceite Megan","VARILLA NIVEL ACEITE MEGAN/CLIO2/SYMBOL/SCENIC16V CORTA (7700107188)","Repuestos Automotores","Motor","UND","https://gammalielanalytics.com/img/icons/default-items.png","","PROV0001| Gammaliel Analytics| Telf.: +584128672845| email: consulting@gammalielanalytics.com","4","","VACIO.","Y","N","433","$4.87","$16.96","unf0027 , UNQS0040 , UNQe0040 , 918e2cc6 , 7ca2e239","V123456789 Sano y fresco","0401020L","","Varilla Nivel Aceite Megan [0401020L]","Varilla Nivel Aceite Megan 0401020L","6/17/2025 12:00:00 AM","Administrador","0","$0.00","4818d113","25%","N","N","","","5","","https://api-gammaliel-bar-qr-code.onrender.com/generate-qr?data=0401020L&color=%23000000&backcolor=%23ffffff&size=medium","https://api-gammaliel-bar-qr-code.onrender.com/generate-barcode/?data=0401020L&code=Code128","","https://api-gammaliel-bar-qr-code.onrender.com/generate-barcode/?data=0401020L&code=Code128","https://api-gammaliel-bar-qr-code.onrender.com/generate-barcode/?data=0401020L&code=Code128","4818d113","unf0027 , UNQS0040 , UNQe0040 , 918e2cc6 , 7ca2e239","Y",
"0401020M","Varilla Nivel Aceite Twimgo","VARILLA NIVEL ACEITE TWIMGO/16 VALVULAS (8200255423)","Repuestos Automotores","Motor","UND","https://gammalielanalytics.com/img/icons/default-items.png","","PROV0001| Gammaliel Analytics| Telf.: +584128672845| email: consulting@gammalielanalytics.com","1","","VACIO.","Y","N","101","$7.48","$5.96","unf0029 , UNQS0042 , UNQe0042 , a4816761","V123456789 Sano y fresco","0401020M","","Varilla Nivel Aceite Twimgo [0401020M]","Varilla Nivel Aceite Twimgo 0401020M","6/17/2025 12:00:00 AM","Administrador","0","$0.00","","25%","N","N","","","2","","https://api-gammaliel-bar-qr-code.onrender.com/generate-qr?data=0401020M&color=%23000000&backcolor=%23ffffff&size=medium","https://api-gammaliel-bar-qr-code.onrender.com/generate-barcode/?data=0401020M&code=Code128","","https://api-gammaliel-bar-qr-code.onrender.com/generate-barcode/?data=0401020M&code=Code128","https://api-gammaliel-bar-qr-code.onrender.com/generate-barcode/?data=0401020M&code=Code128","","unf0029 , UNQS0042 , UNQe0042 , a4816761","Y",
"89422-33030","Valvula Temperatura Toyota","VALVULA TEMPERATURA TOYOTA FORTUNER/HILUX/MERU (2 PINES)","Repuestos Automotores","Sistema Enfriamiento","UND","https://gammalielanalytics.com/img/icons/default-items.png","","PROV0001| Gammaliel Analytics| Telf.: +584128672845| email: consulting@gammalielanalytics.com","2","","VACIO.","Y","N","142","$8.15","$8.15","unf0033 , UNQS0046 , UNQe0046","V123456789 Sano y fresco","89422-33030","","Valvula Temperatura Toyota [89422-33030]","Valvula Temperatura Toyota 89422-33030","6/17/2025 12:00:00 AM","Administrador","0","$0.00","","25%","N","N","","","3","","https://api-gammaliel-bar-qr-code.onrender.com/generate-qr?data=89422-33030&color=%23000000&backcolor=%23ffffff&size=medium","https://api-gammaliel-bar-qr-code.onrender.com/generate-barcode/?data=89422-33030&code=Code128","","https://api-gammaliel-bar-qr-code.onrender.com/generate-barcode/?data=89422-33030&code=Code128","https://api-gammaliel-bar-qr-code.onrender.com/generate-barcode/?data=89422-33030&code=Code128","","unf0033 , UNQS0046 , UNQe0046","Y",
"481H-1007011BA-JS","Valvulas Admision Chery","VALVULAS ADMISION CHERY ORINOCO/TIGGO 2.0  (8 UNIDADES)","Repuestos Automotores","Motor","KIT","https://gammalielanalytics.com/img/icons/default-items.png","","PROV0001| Gammaliel Analytics| Telf.: +584128672845| email: consulting@gammalielanalytics.com","7","","VACIO.","Y","N","26","$7.05","$7.05","unf0031 , UNQS0044 , UNQe0044","V123456789 Sano y fresco","481H-1007011BA-JS","","Valvulas Admision Chery [481H-1007011BA-JS]","Valvulas Admision Chery 481H-1007011BA-JS","6/17/2025 12:00:00 AM","Administrador","0","$0.00","","25%","N","N","","","9","","https://api-gammaliel-bar-qr-code.onrender.com/generate-qr?data=481H-1007011BA-JS&color=%23000000&backcolor=%23ffffff&size=medium","https://api-gammaliel-bar-qr-code.onrender.com/generate-barcode/?data=481H-1007011BA-JS&code=Code128","","https://api-gammaliel-bar-qr-code.onrender.com/generate-barcode/?data=481H-1007011BA-JS&code=Code128","https://api-gammaliel-bar-qr-code.onrender.com/generate-barcode/?data=481H-1007011BA-JS&code=Code128","","unf0031 , UNQS0044 , UNQe0044","Y",
"0401020N","Varilla Nivel Aceite Twimgo","VARILLA NIVEL ACEITE TWIMGO 8 VALVULAS (7700114338)","Repuestos Automotores","Motor","UND","https://gammalielanalytics.com/img/icons/default-items.png","","PROV0001| Gammaliel Analytics| Telf.: +584128672845| email: consulting@gammalielanalytics.com","2","","VACIO.","Y","N","4","$4.33","$4.33","unf0026 , UNQS0039 , UNQe0039","V123456789 Sano y fresco","0401020N","","Varilla Nivel Aceite Twimgo [0401020N]","Varilla Nivel Aceite Twimgo 0401020N","6/17/2025 12:00:00 AM","Administrador","0","$0.00","","25%","N","N","","","3","","https://api-gammaliel-bar-qr-code.onrender.com/generate-qr?data=0401020N&color=%23000000&backcolor=%23ffffff&size=medium","https://api-gammaliel-bar-qr-code.onrender.com/generate-barcode/?data=0401020N&code=Code128","","https://api-gammaliel-bar-qr-code.onrender.com/generate-barcode/?data=0401020N&code=Code128","https://api-gammaliel-bar-qr-code.onrender.com/generate-barcode/?data=0401020N&code=Code128","","unf0026 , UNQS0039 , UNQe0039","Y",
"333417","AMORTIGUADOR DELANTERO DERECHO CHEVROLET AVEO","AMORTIGUADOR DELANTERO DERECHO CHEVROLET AVEO 2002=>2017","Suspension","Amortiguadores de Suspension","UND","https://gammalielanalytics.com/img/icons/default-items.png","","PROV0001| Gammaliel Analytics| Telf.: +584128672845| email: consulting@gammalielanalytics.com","1","","Stock inicial: 2","Y","N","2","$45.24","$45.24","unf0036 , UNQS0049 , UNQe0049","V123456789 Sano y fresco","333417","","AMORTIGUADOR DELANTERO DERECHO CHEVROLET AVEO [333417]","AMORTIGUADOR DELANTERO DERECHO CHEVROLET AVEO 333417","5/21/2024 12:00:00 AM","Administrador","0","$0.00","","25%","Y","N","","","2","","https://api-gammaliel-bar-qr-code.onrender.com/generate-qr?data=333417&color=%23000000&backcolor=%23ffffff&size=medium","https://api-gammaliel-bar-qr-code.onrender.com/generate-barcode/?data=333417&code=Code128","","https://api-gammaliel-bar-qr-code.onrender.com/generate-barcode/?data=333417&code=Code128","https://api-gammaliel-bar-qr-code.onrender.com/generate-barcode/?data=333417&code=Code128","","unf0036 , UNQS0049 , UNQe0049","Y",
"96424026","AMORTIGUADOR DELANTERO DERECHO CHEVROLET SPARK","AMORTIGUADOR DELANTERO DERECHO CHEVROLET SPARK","Suspension","Amortiguadores de Suspension","UND","https://gammalielanalytics.com/img/icons/default-items.png","","PROV0001| Gammaliel Analytics| Telf.: +584128672845| email: consulting@gammalielanalytics.com","1","","Stock inicial: 1","Y","N","42","$4.33","$4.33","69DAADA3 , UNQS0008 , UNQe0008","V123456789 Sano y fresco","96424026","","AMORTIGUADOR DELANTERO DERECHO CHEVROLET SPARK [96424026]","AMORTIGUADOR DELANTERO DERECHO CHEVROLET SPARK 96424026","5/21/2024 12:00:00 AM","Administrador","0","$0.00","","25%","N","N","","","2","","https://api-gammaliel-bar-qr-code.onrender.com/generate-qr?data=96424026&color=%23000000&backcolor=%23ffffff&size=medium","https://api-gammaliel-bar-qr-code.onrender.com/generate-barcode/?data=96424026&code=Code128","","https://api-gammaliel-bar-qr-code.onrender.com/generate-barcode/?data=96424026&code=Code128","https://api-gammaliel-bar-qr-code.onrender.com/generate-barcode/?data=96424026&code=Code128","","69DAADA3 , UNQS0008 , UNQe0008","Y",
"96407820","AMORTIGUADOR DELANTERO IZQUIERDO CHEVROLET OPTRA","AMORTIGUADOR DELANTERO IZQUIERDO CHEVROLET OPTRA","Suspension","Amortiguadores de Suspension","UND","https://gammalielanalytics.com/img/icons/default-items.png","","PROV0001| Gammaliel Analytics| Telf.: +584128672845| email: consulting@gammalielanalytics.com","4","","Stock inicial: 4","Y","N","24","$9.24","$9.24","49DEA23E , UNQS0007 , UNQe0007","V123456789 Sano y fresco","96407820","","AMORTIGUADOR DELANTERO IZQUIERDO CHEVROLET OPTRA [96407820]","AMORTIGUADOR DELANTERO IZQUIERDO CHEVROLET OPTRA 96407820","5/21/2024 12:00:00 AM","Administrador","0","$0.00","","25%","N","N","","","5","","https://api-gammaliel-bar-qr-code.onrender.com/generate-qr?data=96407820&color=%23000000&backcolor=%23ffffff&size=medium","https://api-gammaliel-bar-qr-code.onrender.com/generate-barcode/?data=96407820&code=Code128","","https://api-gammaliel-bar-qr-code.onrender.com/generate-barcode/?data=96407820&code=Code128","https://api-gammaliel-bar-qr-code.onrender.com/generate-barcode/?data=96407820&code=Code128","","49DEA23E , UNQS0007 , UNQe0007","Y",
"51791058","AMORTIGUADOR DELANTERO FIAT PALIO/SIENA","AMORTIGUADOR DELANTERO DER/IZQ FIAT PALIO/SIENA FIRE 1.3/1.4/1.8 2003=>2015 FORZA","Suspension","Amortiguadores de Suspension","UND","https://gammalielanalytics.com/img/icons/default-items.png","","PROV0001| Gammaliel Analytics| Telf.: +584128672845| email: consulting@gammalielanalytics.com","9","","Stock inicial: 8","Y","Y","3","$32.11","$46.33","unf0038 , UNQS0051 , UNQe0051 , fbd677ab","V123456789 Sano y fresco","51791058","Stockout","AMORTIGUADOR DELANTERO FIAT PALIO/SIENA [51791058]","AMORTIGUADOR DELANTERO FIAT PALIO/SIENA 51791058","5/21/2024 12:00:00 AM","Administrador","9","$288.99","","25%","N","N","","","12","","https://api-gammaliel-bar-qr-code.onrender.com/generate-qr?data=51791058&color=%23000000&backcolor=%23ffffff&size=medium","https://api-gammaliel-bar-qr-code.onrender.com/generate-barcode/?data=51791058&code=Code128","","https://api-gammaliel-bar-qr-code.onrender.com/generate-barcode/?data=51791058&code=Code128","https://api-gammaliel-bar-qr-code.onrender.com/generate-barcode/?data=51791058&code=Code128","","unf0038 , UNQS0051 , UNQe0051 , fbd677ab","Y",
"54660-1G200","AMORTIGUADOR DELANTERO DERECHO HYUNDAI ACCENT/KIA RIO","AMORTIGUADOR DELANTERO DERECHO HYUNDAI ACCENT 06/11 /KIA RIO 06/11","Suspension","Amortiguadores de Suspension","UND","https://gammalielanalytics.com/img/icons/default-items.png","","PROV0001| Gammaliel Analytics| Telf.: +584128672845| email: consulting@gammalielanalytics.com","10","","Stock inicial: 1","Y","N","349","$45.78","$45.78","unf0037 , UNQS0050 , UNQe0050","V123456789 Sano y fresco","54660-1G200","","AMORTIGUADOR DELANTERO DERECHO HYUNDAI ACCENT/KIA RIO [54660-1G200]","AMORTIGUADOR DELANTERO DERECHO HYUNDAI ACCENT/KIA RIO 54660-1G200","5/21/2024 12:00:00 AM","Administrador","0","$0.00","","25%","N","N","","","13","","https://api-gammaliel-bar-qr-code.onrender.com/generate-qr?data=54660-1G200&color=%23000000&backcolor=%23ffffff&size=medium","https://api-gammaliel-bar-qr-code.onrender.com/generate-barcode/?data=54660-1G200&code=Code128","","https://api-gammaliel-bar-qr-code.onrender.com/generate-barcode/?data=54660-1G200&code=Code128","https://api-gammaliel-bar-qr-code.onrender.com/generate-barcode/?data=54660-1G200&code=Code128","","unf0037 , UNQS0050 , UNQe0050","Y",
"G35902","AMORTIGUADOR DELANTERO FORD FIESTA POWER","AMORTIGUADOR DELANTERO DER/IZQ FORD FIESTA POWER 1.6","Suspension","Amortiguadores de Suspension","UND","https://gammalielanalytics.com/img/icons/default-items.png","","PROV0001| Gammaliel Analytics| Telf.: +584128672845| email: consulting@gammalielanalytics.com","10","","Stock inicial: 2","Y","Y","7","$20.15","$20.15","D64B3BEA , UNQS0079 , UNQe0079","V123456789 Sano y fresco","G35902","Stockout","AMORTIGUADOR DELANTERO FORD FIESTA POWER [G35902]","AMORTIGUADOR DELANTERO FORD FIESTA POWER G35902","5/21/2024 12:00:00 AM","Administrador","6","$120.90","","25%","N","N","","6/24/2025 3:06:35 PM","13","","https://api-gammaliel-bar-qr-code.onrender.com/generate-qr?data=G35902&color=%23000000&backcolor=%23ffffff&size=medium","https://api-gammaliel-bar-qr-code.onrender.com/generate-barcode/?data=G35902&code=Code128","","https://api-gammaliel-bar-qr-code.onrender.com/generate-barcode/?data=G35902&code=Code128","https://api-gammaliel-bar-qr-code.onrender.com/generate-barcode/?data=G35902&code=Code128","","D64B3BEA , UNQS0079 , UNQe0079","Y",
"96407819","AMORTIGUADOR DELANTERO DERECHO CHEVROLET OPTRA","AMORTIGUADOR DELANTERO DERECHO CHEVROLET OPTRA","Suspension","Amortiguadores de Suspension","UND","https://gammalielanalytics.com/img/icons/default-items.png","","PROV0001| Gammaliel Analytics| Telf.: +584128672845| email: consulting@gammalielanalytics.com","2","","Stock inicial: 4","Y","N","42","$8.15","$8.15","468B77C1 , UNQS0006 , UNQe0006","V123456789 Sano y fresco","96407819","","AMORTIGUADOR DELANTERO DERECHO CHEVROLET OPTRA [96407819]","AMORTIGUADOR DELANTERO DERECHO CHEVROLET OPTRA 96407819","5/21/2024 12:00:00 AM","Administrador","0","$0.00","","25%","N","N","","","3","","https://api-gammaliel-bar-qr-code.onrender.com/generate-qr?data=96407819&color=%23000000&backcolor=%23ffffff&size=medium","https://api-gammaliel-bar-qr-code.onrender.com/generate-barcode/?data=96407819&code=Code128","","https://api-gammaliel-bar-qr-code.onrender.com/generate-barcode/?data=96407819&code=Code128","https://api-gammaliel-bar-qr-code.onrender.com/generate-barcode/?data=96407819&code=Code128","","468B77C1 , UNQS0006 , UNQe0006","Y",
"FL-TUBO-03","TUBO NIPLE","TUBO NIPLE CAMARA A LA MANGUERA SALIDA CALEFACTOR CHEV. AVEO/CORA/OPTRA DSG/FIAT PALIO/SIENA/IDEA 1.8 (ESP. 2.0mm)","Tubos","Niples","UND","https://gammalielanalytics.com/img/icons/default-items.png","","PROV0001| Gammaliel Analytics| Telf.: +584128672845| email: consulting@gammalielanalytics.com","9","",".","Y","N","346","$19.05","$19.05","D1773216 , UNQS0078 , UNQe0078","V123456789 Sano y fresco","FL-TUBO-03","","TUBO NIPLE [FL-TUBO-03]","TUBO NIPLE FL-TUBO-03","6/19/2025 12:00:00 AM","Administrador","0","$0.00","","25%","N","N","","","12","","https://api-gammaliel-bar-qr-code.onrender.com/generate-qr?data=FL-TUBO-03&color=%23000000&backcolor=%23ffffff&size=medium","https://api-gammaliel-bar-qr-code.onrender.com/generate-barcode/?data=FL-TUBO-03&code=Code128","","https://api-gammaliel-bar-qr-code.onrender.com/generate-barcode/?data=FL-TUBO-03&code=Code128","https://api-gammaliel-bar-qr-code.onrender.com/generate-barcode/?data=FL-TUBO-03&code=Code128","","D1773216 , UNQS0078 , UNQe0078","Y",
"10791211","TUERCA ROTULA FIAT","TUERCA ROTULA FIAT UNO ROSCA FINA","Tuercas","Rotula","UND","https://gammalielanalytics.com/img/icons/default-items.png","","PROV0001| Gammaliel Analytics| Telf.: +584128672845| email: consulting@gammalielanalytics.com","2","",".","Y","N","156","$24.78","$24.78","unf0039 , unf0040 , UNQS0052 , UNQS0053 , UNQe0052 , UNQe0053","V123456789 Sano y fresco","10791211","","TUERCA ROTULA FIAT [10791211]","TUERCA ROTULA FIAT 10791211","6/19/2025 12:00:00 AM","Administrador","0","$0.00","","25%","N","N","","","3","","https://api-gammaliel-bar-qr-code.onrender.com/generate-qr?data=10791211&color=%23000000&backcolor=%23ffffff&size=medium","https://api-gammaliel-bar-qr-code.onrender.com/generate-barcode/?data=10791211&code=Code128","","https://api-gammaliel-bar-qr-code.onrender.com/generate-barcode/?data=10791211&code=Code128","https://api-gammaliel-bar-qr-code.onrender.com/generate-barcode/?data=10791211&code=Code128","","unf0039 , unf0040 , UNQS0052 , UNQS0053 , UNQe0052 , UNQe0053","Y",
"DS-2323","VACUM DISTRIBUIDOR FORD","VACUM DISTRIBUIDOR FORD FIESTA","Vacum","Distribuidor","UND","https://gammalielanalytics.com/img/icons/default-items.png","","PROV0001| Gammaliel Analytics| Telf.: +584128672845| email: consulting@gammalielanalytics.com","8","",".","Y","N","436","$18.51","$18.51","CDACF065 , UNQS0077 , UNQe0077","V123456789 Sano y fresco","DS-2323","","VACUM DISTRIBUIDOR FORD [DS-2323]","VACUM DISTRIBUIDOR FORD DS-2323","6/19/2025 12:00:00 AM","Administrador","0","$0.00","","25%","N","N","","","10","","https://api-gammaliel-bar-qr-code.onrender.com/generate-qr?data=DS-2323&color=%23000000&backcolor=%23ffffff&size=medium","https://api-gammaliel-bar-qr-code.onrender.com/generate-barcode/?data=DS-2323&code=Code128","","https://api-gammaliel-bar-qr-code.onrender.com/generate-barcode/?data=DS-2323&code=Code128","https://api-gammaliel-bar-qr-code.onrender.com/generate-barcode/?data=DS-2323&code=Code128","","CDACF065 , UNQS0077 , UNQe0077","Y",
"COEX7207649","VACUM CARBURADOR FIAT","VACUM CARBURADOR FIAT UNO/PREMIO (CORTO)","Vacum","Carburador","UND","https://gammalielanalytics.com/img/icons/default-items.png","","PROV0001| Gammaliel Analytics| Telf.: +584128672845| email: consulting@gammalielanalytics.com","7","",".","Y","N","346","$16.87","$16.87","B58930E6 , UNQS0076 , UNQe0076","V123456789 Sano y fresco","COEX7207649","","VACUM CARBURADOR FIAT [COEX7207649]","VACUM CARBURADOR FIAT COEX7207649","6/19/2025 12:00:00 AM","Administrador","0","$0.00","","25%","N","N","","","9","","https://api-gammaliel-bar-qr-code.onrender.com/generate-qr?data=COEX7207649&color=%23000000&backcolor=%23ffffff&size=medium","https://api-gammaliel-bar-qr-code.onrender.com/generate-barcode/?data=COEX7207649&code=Code128","","https://api-gammaliel-bar-qr-code.onrender.com/generate-barcode/?data=COEX7207649&code=Code128","https://api-gammaliel-bar-qr-code.onrender.com/generate-barcode/?data=COEX7207649&code=Code128","","B58930E6 , UNQS0076 , UNQe0076","Y",
"COEX7207639","VACUM CARBURADOR FIAT","VACUM CARBURADOR FIAT UNO/PREMIO 1.3 (PATA LARGA)","Vacum","Carburador","UND","https://gammalielanalytics.com/img/icons/default-items.png","","PROV0001| Gammaliel Analytics| Telf.: +584128672845| email: consulting@gammalielanalytics.com","6","",".","Y","N","103","$8.69","$8.69","ADA3588E , UNQS0075 , UNQe0075","V123456789 Sano y fresco","COEX7207639","","VACUM CARBURADOR FIAT [COEX7207639]","VACUM CARBURADOR FIAT COEX7207639","6/19/2025 12:00:00 AM","Administrador","0","$0.00","","25%","N","N","","","8","","https://api-gammaliel-bar-qr-code.onrender.com/generate-qr?data=COEX7207639&color=%23000000&backcolor=%23ffffff&size=medium","https://api-gammaliel-bar-qr-code.onrender.com/generate-barcode/?data=COEX7207639&code=Code128","","https://api-gammaliel-bar-qr-code.onrender.com/generate-barcode/?data=COEX7207639&code=Code128","https://api-gammaliel-bar-qr-code.onrender.com/generate-barcode/?data=COEX7207639&code=Code128","","ADA3588E , UNQS0075 , UNQe0075","Y",
"90215492FI","VALVULA ADMISION FIAT","VALVULA ADMISION FIAT PALIO/SIENA 1.8 8V  (0702) (PERCIO REF. X UNIDAD) (CAJA 4 PZS)","Valvulas","Admision","PZA","https://gammalielanalytics.com/img/icons/default-items.png","","PROV0001| Gammaliel Analytics| Telf.: +584128672845| email: consulting@gammalielanalytics.com","1","","Caja con 4 piezas.","Y","N","2","$7.05","$7.05","unf0053 , UNQS0065 , UNQe0065","V123456789 Sano y fresco","90215492FI","","VALVULA ADMISION FIAT [90215492FI]","VALVULA ADMISION FIAT 90215492FI","6/19/2025 12:00:00 AM","Administrador","0","$0.00","","25%","Y","N","","","2","","https://api-gammaliel-bar-qr-code.onrender.com/generate-qr?data=90215492FI&color=%23000000&backcolor=%23ffffff&size=medium","https://api-gammaliel-bar-qr-code.onrender.com/generate-barcode/?data=90215492FI&code=Code128","","https://api-gammaliel-bar-qr-code.onrender.com/generate-barcode/?data=90215492FI&code=Code128","https://api-gammaliel-bar-qr-code.onrender.com/generate-barcode/?data=90215492FI&code=Code128","","unf0053 , UNQS0065 , UNQe0065","Y",
"12647970","VALVULA ADMISION CHEVROLET","VALVULA ADMISION CHEVROLET SILVERDO 5.3 (1PZA)","Valvulas","Admision","PZA","https://gammalielanalytics.com/img/icons/default-items.png","","PROV0001| Gammaliel Analytics| Telf.: +584128672845| email: consulting@gammalielanalytics.com","9","",".","Y","N","1,280","$5.69","$5.69","unf0050 , unf0051 , UNQS0062 , UNQS0063 , UNQe0062 , UNQe0063","V123456789 Sano y fresco","12647970","","VALVULA ADMISION CHEVROLET [12647970]","VALVULA ADMISION CHEVROLET 12647970","6/19/2025 12:00:00 AM","Administrador","0","$0.00","","25%","N","N","","","12","","https://api-gammaliel-bar-qr-code.onrender.com/generate-qr?data=12647970&color=%23000000&backcolor=%23ffffff&size=medium","https://api-gammaliel-bar-qr-code.onrender.com/generate-barcode/?data=12647970&code=Code128","","https://api-gammaliel-bar-qr-code.onrender.com/generate-barcode/?data=12647970&code=Code128","https://api-gammaliel-bar-qr-code.onrender.com/generate-barcode/?data=12647970&code=Code128","","unf0050 , unf0051 , UNQS0062 , UNQS0063 , UNQe0062 , UNQe0063","Y",
"13711-22030","VALVULA ADMISION TOYOTA","VALVULA ADMISION TOYOTA 1ZZ-FE COROLLA 1.8 2003=>2008 (1.86 C/U CAJA 8 PZS)","Valvulas","Admision","PZA","https://gammalielanalytics.com/img/icons/default-items.png","","PROV0001| Gammaliel Analytics| Telf.: +584128672845| email: consulting@gammalielanalytics.com","10","","Caja con 8 piezas.","Y","N","42","$4.33","$4.33","unf0048 , UNQS0060 , UNQe0060","V123456789 Sano y fresco","13711-22030","","VALVULA ADMISION TOYOTA [13711-22030]","VALVULA ADMISION TOYOTA 13711-22030","6/19/2025 12:00:00 AM","Administrador","0","$0.00","","25%","N","N","","","13","","https://api-gammaliel-bar-qr-code.onrender.com/generate-qr?data=13711-22030&color=%23000000&backcolor=%23ffffff&size=medium","https://api-gammaliel-bar-qr-code.onrender.com/generate-barcode/?data=13711-22030&code=Code128","","https://api-gammaliel-bar-qr-code.onrender.com/generate-barcode/?data=13711-22030&code=Code128","https://api-gammaliel-bar-qr-code.onrender.com/generate-barcode/?data=13711-22030&code=Code128","","unf0048 , UNQS0060 , UNQe0060","Y",
"96896007","VALVULA ADMISION CHEVROLET","VALVULA ADMISION CHEVROLET AVEO 1.6 16V  (EMPAQUE 8 VALVULAS 2.50C/U)","Valvulas","Admision","PZA","https://gammalielanalytics.com/img/icons/default-items.png","","PROV0001| Gammaliel Analytics| Telf.: +584128672845| email: consulting@gammalielanalytics.com","25","","Empaque con 8 valvulas.","Y","N","30","$4.88","$4.88","FE10C582 , 036E5AAB , UNQS0013 , UNQS0067 , UNQe0013 , UNQe0067","V123456789 Sano y fresco","96896007","","VALVULA ADMISION CHEVROLET [96896007]","VALVULA ADMISION CHEVROLET 96896007","6/19/2025 12:00:00 AM","Administrador","0","$0.00","","25%","Y","N","","","32","","https://api-gammaliel-bar-qr-code.onrender.com/generate-qr?data=96896007&color=%23000000&backcolor=%23ffffff&size=medium","https://api-gammaliel-bar-qr-code.onrender.com/generate-barcode/?data=96896007&code=Code128","","https://api-gammaliel-bar-qr-code.onrender.com/generate-barcode/?data=96896007&code=Code128","https://api-gammaliel-bar-qr-code.onrender.com/generate-barcode/?data=96896007&code=Code128","","FE10C582 , 036E5AAB , UNQS0013 , UNQS0067 , UNQe0013 , UNQe0067","Y",
"46553046","VALVULA ADMISION FIAT","VALVULA ADMISION FIAT UNO FIRE 1.3 8V (PRECIO EN REF. X C/u)","Valvulas","Admision","UND","https://gammalielanalytics.com/img/icons/default-items.png","","PROV0001| Gammaliel Analytics| Telf.: +584128672845| email: consulting@gammalielanalytics.com","2","",".","Y","N","430","$3.24","$3.24","unf0045 , unf0047 , UNQS0058 , UNQS0059 , UNQe0058 , UNQe0059","V123456789 Sano y fresco","46553046","","VALVULA ADMISION FIAT [46553046]","VALVULA ADMISION FIAT 46553046","6/19/2025 12:00:00 AM","Administrador","0","$0.00","","25%","N","N","","","3","","https://api-gammaliel-bar-qr-code.onrender.com/generate-qr?data=46553046&color=%23000000&backcolor=%23ffffff&size=medium","https://api-gammaliel-bar-qr-code.onrender.com/generate-barcode/?data=46553046&code=Code128","","https://api-gammaliel-bar-qr-code.onrender.com/generate-barcode/?data=46553046&code=Code128","https://api-gammaliel-bar-qr-code.onrender.com/generate-barcode/?data=46553046&code=Code128","","unf0045 , unf0047 , UNQS0058 , UNQS0059 , UNQe0058 , UNQe0059","Y",
"46553048","VALVULA ADMISION FIAT","VALVULA ADMISION FIAT PALIO/SIENA FIRE 1.3 16V (CUÑA BAJA) (8 PZS 1.77 C/U)","Valvulas","Admision","PZA","https://gammalielanalytics.com/img/icons/default-items.png","","PROV0001| Gammaliel Analytics| Telf.: +584128672845| email: consulting@gammalielanalytics.com","1","","Caja con 8 piezas.","Y","N","4","$4.06","$4.06","unf0041 , unf0049 , UNQS0054 , UNQS0061 , UNQe0054 , UNQe0061","V123456789 Sano y fresco","46553048","","VALVULA ADMISION FIAT [46553048]","VALVULA ADMISION FIAT 46553048","6/19/2025 12:00:00 AM","Administrador","0","$0.00","","25%","N","N","","","2","","https://api-gammaliel-bar-qr-code.onrender.com/generate-qr?data=46553048&color=%23000000&backcolor=%23ffffff&size=medium","https://api-gammaliel-bar-qr-code.onrender.com/generate-barcode/?data=46553048&code=Code128","","https://api-gammaliel-bar-qr-code.onrender.com/generate-barcode/?data=46553048&code=Code128","https://api-gammaliel-bar-qr-code.onrender.com/generate-barcode/?data=46553048&code=Code128","","unf0041 , unf0049 , UNQS0054 , UNQS0061 , UNQe0054 , UNQe0061","Y",
"55185028","VALVULA ADMISION FIAT","VALVULA ADMISION FIAT PALIO/SIENA FIRE 1.3 16V (CUÑA ALTA) (8 PZS 1.77 C/U)","Valvulas","Admision","PZA","https://gammalielanalytics.com/img/icons/default-items.png","","PROV0001| Gammaliel Analytics| Telf.: +584128672845| email: consulting@gammalielanalytics.com","1","","Caja con 8 piezas.","Y","N","57","$4.06","$4.06","unf0042 , unf0043 , UNQS0055 , UNQS0056 , UNQe0055 , UNQe0056","V123456789 Sano y fresco","55185028","","VALVULA ADMISION FIAT [55185028]","VALVULA ADMISION FIAT 55185028","6/19/2025 12:00:00 AM","Administrador","0","$0.00","","25%","N","N","","","2","","https://api-gammaliel-bar-qr-code.onrender.com/generate-qr?data=55185028&color=%23000000&backcolor=%23ffffff&size=medium","https://api-gammaliel-bar-qr-code.onrender.com/generate-barcode/?data=55185028&code=Code128","","https://api-gammaliel-bar-qr-code.onrender.com/generate-barcode/?data=55185028&code=Code128","https://api-gammaliel-bar-qr-code.onrender.com/generate-barcode/?data=55185028&code=Code128","","unf0042 , unf0043 , UNQS0055 , UNQS0056 , UNQe0055 , UNQe0056","Y",
"94621038","VALVULA ADMISION CHEVROLET","VALVULA ADMISION CHEVROLET CHEVETE 1.4/1.5/1.6 (0357)","Valvulas","Admision","UND","https://gammalielanalytics.com/img/icons/default-items.png","","PROV0001| Gammaliel Analytics| Telf.: +584128672845| email: consulting@gammalielanalytics.com","9","",".","Y","N","52","$2.97","$2.97","049BB604 , 0D9E3A41 , UNQS0001 , UNQS0002 , UNQe0001 , UNQe0002","V123456789 Sano y fresco","94621038","","VALVULA ADMISION CHEVROLET [94621038]","VALVULA ADMISION CHEVROLET 94621038","6/19/2025 12:00:00 AM","Administrador","0","$0.00","","25%","N","N","","","12","","https://api-gammaliel-bar-qr-code.onrender.com/generate-qr?data=94621038&color=%23000000&backcolor=%23ffffff&size=medium","https://api-gammaliel-bar-qr-code.onrender.com/generate-barcode/?data=94621038&code=Code128","","https://api-gammaliel-bar-qr-code.onrender.com/generate-barcode/?data=94621038&code=Code128","https://api-gammaliel-bar-qr-code.onrender.com/generate-barcode/?data=94621038&code=Code128","","049BB604 , 0D9E3A41 , UNQS0001 , UNQS0002 , UNQe0001 , UNQe0002","Y",
"7083246","VALVULA ADMISION FIAT","VALVULA ADMISION FIAT SIENA/PALIO 1.8 FII (PRECIO EN REF. X C/u)","Valvulas","Admision","UND","https://gammalielanalytics.com/img/icons/default-items.png","","PROV0001| Gammaliel Analytics| Telf.: +584128672845| email: consulting@gammalielanalytics.com","5","",".","Y","N","43","$6.24","$6.24","unf0044 , unf0054 , UNQS0057 , UNQS0066 , UNQe0057 , UNQe0066","V123456789 Sano y fresco","7083246","","VALVULA ADMISION FIAT [7083246]","VALVULA ADMISION FIAT 7083246","6/19/2025 12:00:00 AM","Administrador","0","$0.00","","25%","N","N","","","7","","https://api-gammaliel-bar-qr-code.onrender.com/generate-qr?data=7083246&color=%23000000&backcolor=%23ffffff&size=medium","https://api-gammaliel-bar-qr-code.onrender.com/generate-barcode/?data=7083246&code=Code128","","https://api-gammaliel-bar-qr-code.onrender.com/generate-barcode/?data=7083246&code=Code128","https://api-gammaliel-bar-qr-code.onrender.com/generate-barcode/?data=7083246&code=Code128","","unf0044 , unf0054 , UNQS0057 , UNQS0066 , UNQe0057 , UNQe0066","Y",
"90215492GM","VALVULA ADMISION CHEVROLET","VALVULA ADMISION CHEVROLET CORSA 1.6  (0702) (PRECIO REF. X UNIDAD) (CAJA 4PZS)","Valvulas","Admision","PZA","https://gammalielanalytics.com/img/icons/default-items.png","","PROV0001| Gammaliel Analytics| Telf.: +584128672845| email: consulting@gammalielanalytics.com","2","","Caja con 4 piezas.","Y","N","250","$6.51","$6.51","unf0052 , UNQS0064 , UNQe0064","V123456789 Sano y fresco","90215492GM","","VALVULA ADMISION CHEVROLET [90215492GM]","VALVULA ADMISION CHEVROLET 90215492GM","6/19/2025 12:00:00 AM","Administrador","0","$0.00","","25%","N","N","","","3","","https://api-gammaliel-bar-qr-code.onrender.com/generate-qr?data=90215492GM&color=%23000000&backcolor=%23ffffff&size=medium","https://api-gammaliel-bar-qr-code.onrender.com/generate-barcode/?data=90215492GM&code=Code128","","https://api-gammaliel-bar-qr-code.onrender.com/generate-barcode/?data=90215492GM&code=Code128","https://api-gammaliel-bar-qr-code.onrender.com/generate-barcode/?data=90215492GM&code=Code128","","unf0052 , UNQS0064 , UNQe0064","Y",
"0948.E0","VALVULA ADMISION PEUGEOT","VALVULA ADMISION PEUGEOT 206/207/307/407/CENTAURO/S30 DONG FENG (PRECIO REF X UD)","Valvulas","Admision","UND","https://gammalielanalytics.com/img/icons/default-items.png","","PROV0001| Gammaliel Analytics| Telf.: +584128672845| email: consulting@gammalielanalytics.com","5","",".","Y","Y","-2","$0.00","$15.70","ec083b78","V123456789 Sano y fresco","0948.E0","Stockout","VALVULA ADMISION PEUGEOT [0948.E0]","VALVULA ADMISION PEUGEOT 0948.E0","6/19/2025 12:00:00 AM","Administrador","9","$0.00","","25%","N","N","","","7","","https://api-gammaliel-bar-qr-code.onrender.com/generate-qr?data=0948.E0&color=%23000000&backcolor=%23ffffff&size=medium","https://api-gammaliel-bar-qr-code.onrender.com/generate-barcode/?data=0948.E0&code=Code128","","https://api-gammaliel-bar-qr-code.onrender.com/generate-barcode/?data=0948.E0&code=Code128","https://api-gammaliel-bar-qr-code.onrender.com/generate-barcode/?data=0948.E0&code=Code128","","ec083b78","N",
"STCK1001","Valvula de Freno Fiat Uno","Valvula de Freno Fiat Uno Fire 1","Valvulas","Valvulas","UND","https://gammalielanalytics.com/img/icons/default-items.png","","PROV0001| Gammaliel Analytics| Telf.: +584128672845| email: consulting@gammalielanalytics.com","2","V1-02","","Y","Y","0","$0.00","$0.00","C155AB84","V123456789 Sano y fresco","STCK1001","Stockout","Valvula de Freno Fiat Uno [STCK1001]","Valvula de Freno Fiat Uno STCK1001","6/20/2025 12:00:00 AM","Administrador","3","$0.00","","25%","N","N","","7/1/2025 5:11:27 PM","3","","https://api-gammaliel-bar-qr-code.onrender.com/generate-qr?data=STCK1001&color=%23000000&backcolor=%23ffffff&size=medium","https://api-gammaliel-bar-qr-code.onrender.com/generate-barcode/?data=STCK1001&code=Code128","","https://api-gammaliel-bar-qr-code.onrender.com/generate-barcode/?data=STCK1001&code=Code128","https://api-gammaliel-bar-qr-code.onrender.com/generate-barcode/?data=STCK1001&code=Code128","","C155AB84","N",
